Sequence,name,set
AGTACAAG,Index_25,bioo
CAATGGAA,Index_33,bioo
GCCAAGAC,Index_30,bioo
GTCGTAGA,Index_88,bioo
CCTCCTGA,Index_91,bioo
ATGCCTAA,Index_31,bioo
TGGAACAA,Index_7,bioo
CACTTCGA,Index_20,bioo
AGATGTAC,Index_16,bioo
GGAGAACA,Index_50,bioo
TCTTCACA,Index_96,bioo
CAGATCTG,Index_73,bioo
GAACAGGC,Index_89,bioo
TGGCTTCA,Index_14,bioo
ATCCTGTA,Index_24,bioo
ATTGGCTC,Index_65,bioo
GCGAGTAA,Index_81,bioo
TAGGATGA,Index_69,bioo
TCCGTCTA,Index_87,bioo
ATAGCGAC,Index_68,bioo
CCGTGAGA,Index_39,bioo
GACAGTGC,Index_93,bioo
TATCAGCA,Index_12,bioo
CGCTGATC,Index_63,bioo
GTACGCAA,Index_52,bioo
ATTGAGGA,Index_92,bioo
CCATCCTC,Index_83,bioo
TGAAGAGA,Index_62,bioo
GGTGCGAA,Index_32,bioo
CACCTTAC,Index_55,bioo
ACTATGCA,Index_80,bioo
GTGTTCTA,Index_1,bioo
TTCACGCA,Index_54,bioo
CATCAAGT,Index_3,bioo
ACAGATTC,Index_41,bioo
TGGTGGTA,Index_95,bioo
GCCACATA,Index_57,bioo
AAGGACAC,Index_51,bioo
CGACACAC,Index_72,bioo
GTCTGTCA,Index_4,bioo
CCTCTATC,Index_86,bioo
AAGACGGA,Index_21,bioo
AGAGTCAA,Index_53,bioo
CTGGCATA,Index_84,bioo
GCTAACGA,Index_59,bioo
GAATCTGA,Index_23,bioo
AGCCATGC,Index_85,bioo
CTGAGCCA,Index_10,bioo
AATGTTGC,Index_46,bioo
CGACTGGA,Index_43,bioo
ACCTCCAA,Index_8,bioo
GATAGACA,Index_74,bioo
CTGTAGCC,Index_13,bioo
GCTCGGTA,Index_71,bioo
CGCATACA,Index_28,bioo
ACAGCAGA,Index_17,bioo
GAGTTAGC,Index_64,bioo
CTCAATGA,Index_90,bioo
AGTGGTCA,Index_82,bioo
CAACCACA,Index_47,bioo
GACTAGTA,Index_42,bioo
ACGCTCGA,Index_19,bioo
CTAAGGTC,Index_94,bioo
AGTCACTA,Index_60,bioo
GATGAATC,Index_61,bioo
AGATCGCA,Index_77,bioo
ATCATTCC,Index_34,bioo
CCAGTTCA,Index_15,bioo
GAGCTGAA,Index_56,bioo
CCGACAAC,Index_48,bioo
AGCACCTC,Index_58,bioo
CAAGGAGC,Index_38,bioo
ACGTATCA,Index_78,bioo
CCTAATCC,Index_76,bioo
AGGCTAAC,Index_29,bioo
AACTCACC,Index_27,bioo
CGAACTTA,Index_66,bioo
CAAGACTA,Index_35,bioo
AGCAGGAA,Index_79,bioo
CAGCGTTA,Index_70,bioo
ACATTGGC,Index_45,bioo
AATCCGTC,Index_67,bioo
CGGATTGC,Index_44,bioo
ACACGACC,Index_9,bioo
CATACCAA,Index_6,bioo
AACGTGAT,Index_49,bioo
CCGAAGTA,Index_40,bioo
AACGCTTA,Index_22,bioo
ACACAGAA,Index_11,bioo
ACAAGCTA,Index_18,bioo
AACCGAGA,Index_36,bioo
AAGGTACA,Index_75,bioo
ACCACTGT,Index_26,bioo
AAACATCG,Index_2,bioo
AACAACCA,Index_5,bioo
AAGAGATC,Index_37,bioo
GTGAAA,19,bioo6
TCGAATCG,INDEX42,amar
GTAGAGAT,INDEX72,amar
GTCAGGTT,INDEX69,amar
TAGTAAGG,INDEX88,amar
TCTCTCCG,INDEX96,amar
GGTTCGCT,INDEX89,amar
TCACCTAC,INDEX87,amar
CTTGAACT,INDEX13,amar
GTTGGATA,INDEX44,amar
TTACACTA,INDEX54,amar
GGTCAATT,INDEX33,amar
TCCGCTCA,INDEX43,amar
TCATGCTG,INDEX23,amar
GGTCGTAT,INDEX73,amar
TCCTCGGT,INDEX38,amar
GTTGTCGG,INDEX46,amar
TGACTAGT,INDEX51,amar
CTATTCTT,INDEX79,amar
TTAGCCAG,INDEX18,amar
TTGAGGAG,INDEX36,amar
TCTAACTT,INDEX55,amar
TTGCTTAT,INDEX28,amar
TGTTATCA,INDEX62,amar
TGTCCGGA,INDEX48,amar
GTGGCTGA,INDEX27,amar
TTCTGACG,INDEX49,amar
TGCTCATG,INDEX17,amar
TGCCGTCC,INDEX83,amar
GGCTAGGC,INDEX80,amar
TCGGTTGG,INDEX09,amar
TTAGGTCT,INDEX74,amar
GACTGCCT,INDEX02,amar
CGTGTGTT,INDEX11,amar
GTATCTCG,INDEX12,amar
TCTGCCGC,INDEX95,amar
CGGTTACC,INDEX32,amar
GATGTGCC,INDEX16,amar
CGCTCCAC,INDEX91,amar
TCGATATC,INDEX22,amar
CTACGGCG,INDEX61,amar
GATGACAA,INDEX75,amar
GCCTGAAC,INDEX25,amar
TAGACACC,INDEX85,amar
CGATGCCA,INDEX24,amar
TACCATTG,INDEX41,amar
GCGTACAT,INDEX34,amar
CGTGGTGC,INDEX06,amar
ATGTTGCG,INDEX10,amar
TAACGGTC,INDEX76,amar
GCTATTCT,INDEX03,amar
CTACATGC,INDEX35,amar
GACGGTAG,INDEX63,amar
TCAACGTG,INDEX66,amar
CGGCGATG,INDEX15,amar
ATTCATAG,INDEX86,amar
CGCAACCG,INDEX30,amar
GAATCAAT,INDEX37,amar
ATGATTGA,INDEX01,amar
GCCGAATG,INDEX92,amar
AGTGCATC,INDEX56,amar
CCGGTGCT,INDEX45,amar
GATCCTTG,INDEX60,amar
ATAGTATG,INDEX08,amar
CGGCAGAT,INDEX21,amar
AATTGCGG,INDEX71,amar
GCAAGGCA,INDEX57,amar
CGCGATTA,INDEX93,amar
CACGGCTG,INDEX52,amar
ATAAGAAC,INDEX40,amar
GCGCATTC,INDEX39,amar
AGTATACT,INDEX65,amar
CCATCAGG,INDEX20,amar
CATCTTCA,INDEX81,amar
AGCGTTAC,INDEX04,amar
CACACGTA,INDEX84,amar
AGGTATTC,INDEX70,amar
CCTGGAAG,INDEX19,amar
ACTATCAC,INDEX90,amar
CAGAACGC,INDEX68,amar
AGACACGG,INDEX50,amar
ACGCCGAG,INDEX31,amar
CATAGATT,INDEX58,amar
ACATCTTA,INDEX26,amar
AACGAGTC,INDEX07,amar
CCACCTCT,INDEX64,amar
ACTTAACC,INDEX47,amar
AAGAGCAT,INDEX94,amar
CAAGATAT,INDEX78,amar
ACCAGCGC,INDEX59,amar
AACAGGCG,INDEX29,amar
AATCACCT,INDEX14,amar
ACTCAGGT,INDEX67,amar
