0,ATGATTGA,amar,INDEX01
1,GACTGCCT,amar,INDEX02
2,GCTATTCT,amar,INDEX03
3,AGCGTTAC,amar,INDEX04
4,GTGCTACA,amar,INDEX05
5,CGTGGTGC,amar,INDEX06
6,AACGAGTC,amar,INDEX07
7,ATAGTATG,amar,INDEX08
8,TCGGTTGG,amar,INDEX09
9,ATGTTGCG,amar,INDEX10
10,CGTGTGTT,amar,INDEX11
11,GTATCTCG,amar,INDEX12
12,CTTGAACT,amar,INDEX13
13,AATCACCT,amar,INDEX14
14,CGGCGATG,amar,INDEX15
15,GATGTGCC,amar,INDEX16
16,TGCTCATG,amar,INDEX17
17,TTAGCCAG,amar,INDEX18
18,CCTGGAAG,amar,INDEX19
19,CCATCAGG,amar,INDEX20
20,CGGCAGAT,amar,INDEX21
21,TCGATATC,amar,INDEX22
22,TCATGCTG,amar,INDEX23
23,CGATGCCA,amar,INDEX24
24,GCCTGAAC,amar,INDEX25
25,ACATCTTA,amar,INDEX26
26,GTGGCTGA,amar,INDEX27
27,TTGCTTAT,amar,INDEX28
28,AACAGGCG,amar,INDEX29
29,CGCAACCG,amar,INDEX30
30,ACGCCGAG,amar,INDEX31
31,CGGTTACC,amar,INDEX32
32,GGTCAATT,amar,INDEX33
33,GCGTACAT,amar,INDEX34
34,CTACATGC,amar,INDEX35
35,TTGAGGAG,amar,INDEX36
36,GAATCAAT,amar,INDEX37
37,TCCTCGGT,amar,INDEX38
38,GCGCATTC,amar,INDEX39
39,ATAAGAAC,amar,INDEX40
40,TACCATTG,amar,INDEX41
41,TCGAATCG,amar,INDEX42
42,TCCGCTCA,amar,INDEX43
43,GTTGGATA,amar,INDEX44
44,CCGGTGCT,amar,INDEX45
45,GTTGTCGG,amar,INDEX46
46,ACTTAACC,amar,INDEX47
47,TGTCCGGA,amar,INDEX48
48,TTCTGACG,amar,INDEX49
49,AGACACGG,amar,INDEX50
50,TGACTAGT,amar,INDEX51
51,CACGGCTG,amar,INDEX52
52,GAGAAGGT,amar,INDEX53
53,TTACACTA,amar,INDEX54
54,TCTAACTT,amar,INDEX55
55,AGTGCATC,amar,INDEX56
56,GCAAGGCA,amar,INDEX57
57,CATAGATT,amar,INDEX58
58,ACCAGCGC,amar,INDEX59
59,GATCCTTG,amar,INDEX60
60,CTACGGCG,amar,INDEX61
61,TGTTATCA,amar,INDEX62
62,GACGGTAG,amar,INDEX63
63,CCACCTCT,amar,INDEX64
64,AGTATACT,amar,INDEX65
65,TCAACGTG,amar,INDEX66
66,ACTCAGGT,amar,INDEX67
67,CAGAACGC,amar,INDEX68
68,GTCAGGTT,amar,INDEX69
69,AGGTATTC,amar,INDEX70
70,AATTGCGG,amar,INDEX71
71,GTAGAGAT,amar,INDEX72
72,GGTCGTAT,amar,INDEX73
73,TTAGGTCT,amar,INDEX74
74,GATGACAA,amar,INDEX75
75,TAACGGTC,amar,INDEX76
76,GTCAACAA,amar,INDEX77
77,CAAGATAT,amar,INDEX78
78,CTATTCTT,amar,INDEX79
79,GGCTAGGC,amar,INDEX80
80,CATCTTCA,amar,INDEX81
81,GTGACATG,amar,INDEX82
82,TGCCGTCC,amar,INDEX83
83,CACACGTA,amar,INDEX84
84,TAGACACC,amar,INDEX85
85,ATTCATAG,amar,INDEX86
86,TCACCTAC,amar,INDEX87
87,TAGTAAGG,amar,INDEX88
88,GGTTCGCT,amar,INDEX89
89,ACTATCAC,amar,INDEX90
90,CGCTCCAC,amar,INDEX91
91,GCCGAATG,amar,INDEX92
92,CGCGATTA,amar,INDEX93
93,AAGAGCAT,amar,INDEX94
94,TCTGCCGC,amar,INDEX95
95,TCTCTCCG,amar,INDEX96
96,GTGTTCTA,bioo,Index_1
97,CTGAGCCA,bioo,Index_10
98,ACACAGAA,bioo,Index_11
99,TATCAGCA,bioo,Index_12
100,CTGTAGCC,bioo,Index_13
101,TGGCTTCA,bioo,Index_14
102,CCAGTTCA,bioo,Index_15
103,AGATGTAC,bioo,Index_16
104,ACAGCAGA,bioo,Index_17
105,ACAAGCTA,bioo,Index_18
106,ACGCTCGA,bioo,Index_19
107,AAACATCG,bioo,Index_2
108,CACTTCGA,bioo,Index_20
109,AAGACGGA,bioo,Index_21
110,AACGCTTA,bioo,Index_22
111,GAATCTGA,bioo,Index_23
112,ATCCTGTA,bioo,Index_24
113,AGTACAAG,bioo,Index_25
114,ACCACTGT,bioo,Index_26
115,AACTCACC,bioo,Index_27
116,CGCATACA,bioo,Index_28
117,AGGCTAAC,bioo,Index_29
118,CATCAAGT,bioo,Index_3
119,GCCAAGAC,bioo,Index_30
120,ATGCCTAA,bioo,Index_31
121,GGTGCGAA,bioo,Index_32
122,CAATGGAA,bioo,Index_33
123,ATCATTCC,bioo,Index_34
124,CAAGACTA,bioo,Index_35
125,AACCGAGA,bioo,Index_36
126,AAGAGATC,bioo,Index_37
127,CAAGGAGC,bioo,Index_38
128,CCGTGAGA,bioo,Index_39
129,GTCTGTCA,bioo,Index_4
130,CCGAAGTA,bioo,Index_40
131,ACAGATTC,bioo,Index_41
132,GACTAGTA,bioo,Index_42
133,CGACTGGA,bioo,Index_43
134,CGGATTGC,bioo,Index_44
135,ACATTGGC,bioo,Index_45
136,AATGTTGC,bioo,Index_46
137,CAACCACA,bioo,Index_47
138,CCGACAAC,bioo,Index_48
139,AACGTGAT,bioo,Index_49
140,AACAACCA,bioo,Index_5
141,GGAGAACA,bioo,Index_50
142,AAGGACAC,bioo,Index_51
143,GTACGCAA,bioo,Index_52
144,AGAGTCAA,bioo,Index_53
145,TTCACGCA,bioo,Index_54
146,CACCTTAC,bioo,Index_55
147,GAGCTGAA,bioo,Index_56
148,GCCACATA,bioo,Index_57
149,AGCACCTC,bioo,Index_58
150,GCTAACGA,bioo,Index_59
151,CATACCAA,bioo,Index_6
152,AGTCACTA,bioo,Index_60
153,GATGAATC,bioo,Index_61
154,TGAAGAGA,bioo,Index_62
155,CGCTGATC,bioo,Index_63
156,GAGTTAGC,bioo,Index_64
157,ATTGGCTC,bioo,Index_65
158,CGAACTTA,bioo,Index_66
159,AATCCGTC,bioo,Index_67
160,ATAGCGAC,bioo,Index_68
161,TAGGATGA,bioo,Index_69
162,TGGAACAA,bioo,Index_7
163,CAGCGTTA,bioo,Index_70
164,GCTCGGTA,bioo,Index_71
165,CGACACAC,bioo,Index_72
166,CAGATCTG,bioo,Index_73
167,GATAGACA,bioo,Index_74
168,AAGGTACA,bioo,Index_75
169,CCTAATCC,bioo,Index_76
170,AGATCGCA,bioo,Index_77
171,ACGTATCA,bioo,Index_78
172,AGCAGGAA,bioo,Index_79
173,ACCTCCAA,bioo,Index_8
174,ACTATGCA,bioo,Index_80
175,GCGAGTAA,bioo,Index_81
176,AGTGGTCA,bioo,Index_82
177,CCATCCTC,bioo,Index_83
178,CTGGCATA,bioo,Index_84
179,AGCCATGC,bioo,Index_85
180,CCTCTATC,bioo,Index_86
181,TCCGTCTA,bioo,Index_87
182,GTCGTAGA,bioo,Index_88
183,GAACAGGC,bioo,Index_89
184,ACACGACC,bioo,Index_9
185,CTCAATGA,bioo,Index_90
186,CCTCCTGA,bioo,Index_91
187,ATTGAGGA,bioo,Index_92
188,GACAGTGC,bioo,Index_93
189,CTAAGGTC,bioo,Index_94
190,TGGTGGTA,bioo,Index_95
191,TCTTCACA,bioo,Index_96
192,TGACCA,htcra,H_TCRA_BC1
193,TAACGGTC,htcra,H_TCRA_BC12
194,CAAGATAT,htcra,H_TCRA_BC13
195,CTATTCTT,htcra,H_TCRA_BC14
196,TAGACACC,htcra,H_TCRA_BC15
197,AGGTATTC,htcra,H_TCRA_BC2
198,GTAGAGAT,htcra,H_TCRA_BC3
199,AGTCAA,htcra,H_TCRA_BC4
200,CCGTCC,htcra,H_TCRA_BC5
201,GTTTCG,htcra,H_TCRA_BC6
202,TATAAT,htcra,H_TCRA_BC7
203,TCACCTAC,htcra,1
204,TAGTAAGG,htcra,2
205,GCCGAATG,htcra,3
206,CGCGATTA,htcra,4
207,ACAGTG,htcrb,H_TCRB_BC1
208,GCCAAT,htcrb,H_TCRB_BC10
209,TAGCTT,htcrb,H_TCRB_BC11
210,GACGGTAG,htcrb,H_TCRB_BC12
211,CCACCTCT,htcrb,H_TCRB_BC13
212,AGTATACT,htcrb,H_TCRB_BC14
213,TCAACGTG,htcrb,H_TCRB_BC15
214,CTTGTA,htcrb,H_TCRB_BC2
215,GATCAG,htcrb,H_TCRB_BC3
216,CGTACG,htcrb,H_TCRB_BC4
217,GAGTGG,htcrb,H_TCRB_BC5
218,ACTGAT,htcrb,H_TCRB_BC6
219,TTAGGC,htcrb,H_TCRB_BC7
220,ATCACG,htcrb,H_TCRB_BC8
221,CGATGT,htcrb,H_TCRB_BC9
222,ATCACG,mtcra,m_TCRA_BC1
223,ACAGTG,mtcra,m_TCRA_BC10
224,GATCAG,mtcra,m_TCRA_BC11
225,CTTGTA,mtcra,m_TCRA_BC12
226,CGTACG,mtcra,m_TCRA_BC13
227,GAGTGG,mtcra,m_TCRA_BC14
228,ACTGAT,mtcra,m_TCRA_BC15
229,TTAGGC,mtcra,m_TCRA_BC16
230,CGATGT,mtcra,m_TCRA_BC2
231,GCCAAT,mtcra,m_TCRA_BC3
232,TAGCTT,mtcra,m_TCRA_BC4
233,AGTCAA,mtcra,m_TCRA_BC5
234,CCGTCC,mtcra,m_TCRA_BC6
235,GTTTCG,mtcra,m_TCRA_BC7
236,TATAAT,mtcra,m_TCRA_BC8
237,TGACCA,mtcra,m_TCRA_BC9
238,TGACCA,mtcrb,m_TCRB_BC1
239,CGATGT,mtcrb,m_TCRB_BC10
240,GCCAAT,mtcrb,m_TCRB_BC11
241,TAGCTT,mtcrb,m_TCRB_BC12
242,AGTCAA,mtcrb,m_TCRB_BC13
243,CCGTCC,mtcrb,m_TCRB_BC14
244,GTTTCG,mtcrb,m_TCRB_BC15
245,TATAAT,mtcrb,m_TCRB_BC16
246,ACAGTG,mtcrb,m_TCRB_BC2
247,GATCAG,mtcrb,m_TCRB_BC3
248,CTTGTA,mtcrb,m_TCRB_BC4
249,CGTACG,mtcrb,m_TCRB_BC5
250,GAGTGG,mtcrb,m_TCRB_BC6
251,ACTGAT,mtcrb,m_TCRB_BC7
252,TTAGGC,mtcrb,m_TCRB_BC8
253,ATCACG,mtcrb,m_TCRB_BC9
254,TAAGGCGA,next,A701
255,CGTACTAG,next,A702
256,AGGCAGAA,next,A703
257,TCCTGAGC,next,A704
258,GGACTCCT,next,A705
259,TAGGCATG,next,A706
260,CTCTCTAC,next,A707
261,CAGAGAGG,next,A708
262,GCTACGCT,next,A709
263,CGAGGCTG,next,A710
264,AAGAGGCA,next,A711
265,GTAGAGGA,next,A712
266,ATCACG,tru,AR001
267,CGATGT,tru,AR002
268,TTAGGC,tru,AR003
269,TGACCA,tru,AR004
270,ACAGTG,tru,AR005
271,GCCAAT,tru,AR006
272,CAGATC,tru,AR007
273,ACTTGA,tru,AR008
274,GATCAG,tru,AR009
275,TAGCTT,tru,AR010
276,GGCTAC,tru,AR011
277,CTTGTA,tru,AR012
278,AGTCAA,tru,AR013
279,AGTTCC,tru,AR014
280,ATGTCA,tru,AR015
281,CCGTCC,tru,AR016
282,GTCCGC,tru,AR018
283,GTGAAA,tru,AR019
284,GTGGCC,tru,AR020
285,GTTTCG,tru,AR021
286,CGTACG,tru,AR022
287,GAGTGG,tru,AR023
288,ACTGAT,tru,AR025
289,ATTCCT,tru,AR027
290,ATCACG,neb,neb1
291,CGATGT,neb,neb2
292,TTAGGC,neb,neb3
293,TGACCA,neb,neb4
294,ACAGTG,neb,neb5
295,GCCAAT,neb,neb6
296,CAGATC,neb,neb7
297,ACTTGA,neb,neb8
298,GATCAG,neb,neb9
299,TAGCTT,neb,neb10
300,GGCTAC,neb,neb11
301,CTTGTA,neb,neb12
302,CGATGT,bioo6,1
303,TGACCA,bioo6,2
304,ACAGTG,bioo6,3
305,GCCAAT,bioo6,4
306,CAGATC,bioo6,5
307,CTTGTA,bioo6,6
308,ATCACG,bioo6,7
309,TTAGGC,bioo6,8
310,ACTTGA,bioo6,9
311,GATCAG,bioo6,10
312,TAGCTT,bioo6,11
313,GGCTAC,bioo6,12
314,AGTCAA,bioo6,13
315,AGTTCC,bioo6,14
316,ATGTCA,bioo6,15
317,CCGTCC,bioo6,16
318,GTAGAG,bioo6,17
319,GTCCGC,bioo6,18
320,GTGAAA,bioo6,19
321,GTGGCC,bioo6,20
322,GTTTCG,bioo6,21
323,CGTACG,bioo6,22
324,GAGTGG,bioo6,23
325,GGTAGC,bioo6,24
326,ACTGAT,bioo6,25
327,ATGAGC,bioo6,26
328,ATTCCT,bioo6,27
329,CAAAAG,bioo6,28
330,CAACTA,bioo6,29
331,CACCGG,bioo6,30
332,CACGAT,bioo6,31
333,CACTCA,bioo6,32
334,CAGGCG,bioo6,33
335,CATGGC,bioo6,34
336,CATTTT,bioo6,35
337,CCAACA,bioo6,36
338,CGGAAT,bioo6,37
339,CTAGCT,bioo6,38
340,CTATAC,bioo6,39
341,CTCAGA,bioo6,40
342,GCGCTA,bioo6,41
343,TAATCG,bioo6,42
344,TACAGC,bioo6,43
345,TATAAT,bioo6,44
346,TCATTC,bioo6,45
347,TCCCGA,bioo6,46
348,TCGAAG,bioo6,47
349,TCGGCA,bioo6,48
350,ATCACG,biooSm,1
351,CGATGT,biooSm,2
352,TTAGGC,biooSm,3
353,TGACCA,biooSm,4
354,ACAGTG,biooSm,5
355,GCCAAT,biooSm,6
356,CAGATC,biooSm,7
357,ACTTGA,biooSm,8
358,GATCAG,biooSm,9
359,TAGCTT,biooSm,10
360,GGCTAC,biooSm,11
361,CTTGTA,biooSm,12
362,AGTCAA,biooSm,13
363,AGTTCC,biooSm,14
364,ATGTCA,biooSm,15
365,CCGTCC,biooSm,16
366,GTAGAG,biooSm,17
367,GTCCGC,biooSm,18
368,GTGAAA,biooSm,19
369,GTGGCC,biooSm,20
370,GTTTCG,biooSm,21
371,CGTACG,biooSm,22
372,GAGTGG,biooSm,23
373,GGTAGC,biooSm,24
374,ACTGAT,biooSm,25
375,ATGAGC,biooSm,26
376,ATTCCT,biooSm,27
377,CAAAAG,biooSm,28
378,CAACTA,biooSm,29
379,CACCGG,biooSm,30
380,CACGAT,biooSm,31
381,CACTCA,biooSm,32
382,CAGGCG,biooSm,33
383,CATGGC,biooSm,34
384,CATTTT,biooSm,35
385,CCAACA,biooSm,36
386,CGGAAT,biooSm,37
387,CTAGCT,biooSm,38
388,CTATAC,biooSm,39
389,CTCAGA,biooSm,40
390,GACGAC,biooSm,41
391,TAATCG,biooSm,42
392,TACAGC,biooSm,43
393,TATAAT,biooSm,44
394,TCATTC,biooSm,45
395,TCCCGA,biooSm,46
396,TCGAAG,biooSm,47
397,TCGGCA,biooSm,48
